num_rows,single,multi,speedup
500,202733,128398,1.5789420395956324
1000,2164110,776173,2.788179954726588
1500,7065586,2329101,3.0336108223730958
2000,39941235,3917738,10.19497347704211
