num_rows,single,multi,speedup
500,888462,1595468,0.5568660731522036
1000,7268213,13899583,0.5229087088439991
1500,26578879,46277686,0.5743346588245575
2000,75793685,120434575,0.6293349314347645
